"Reference","Qty","Value","DNP","Exclude from BOM","Exclude from Board","Footprint","Datasheet"
"C1,C10,C11,C28","4","10u","","","","Capacitor_SMD:C_1206_3216Metric_Pad1.33x1.80mm_HandSolder","~"
"C2,C3,C4,C5,C8,C9,C12,C13,C14,C15","10","470n","","","","Capacitor_SMD:C_0805_2012Metric_Pad1.18x1.45mm_HandSolder","~"
"C6,C7","2","33p","","","","Capacitor_SMD:C_0603_1608Metric_Pad1.08x0.95mm_HandSolder","~"
"C16,C17,C22,C25,C26","5","22u","","","","Capacitor_SMD:C_0805_2012Metric_Pad1.18x1.45mm_HandSolder","~"
"C18,C20,C21,C23,C24,C27,C29","7","0.1u","","","","Capacitor_SMD:C_0805_2012Metric_Pad1.18x1.45mm_HandSolder","~"
"C19","1","4u7","","","","Capacitor_SMD:C_0805_2012Metric_Pad1.18x1.45mm_HandSolder","~"
"D1,D2,D3,D4,D5,D7,D8","7","LED","","","","LED_SMD:LED_0805_2012Metric_Pad1.15x1.40mm_HandSolder","~"
"D6","1","D_Schottky","","","","Diode_SMD:D_SOD-323","~"
"F1","1","Polyfuse","","","","Capacitor_SMD:C_0402_1005Metric_Pad0.74x0.62mm_HandSolder","~"
"FB1","1","FerriteBead","","","","Inductor_SMD:L_0805_2012Metric_Pad1.05x1.20mm_HandSolder","~"
"J1","1","Conn_01x04","","","","Connector_PinHeader_2.54mm:PinHeader_1x04_P2.54mm_Vertical","~"
"J2","1","USB_B_Micro","","","","Connector_USB:USB_Micro-B_Molex-105017-0001","~"
"J3","1","USB_C_Receptacle_USB2.0_16P","","","","Connector_USB:USB_C_Receptacle_G-Switch_GT-USB-7010ASV","https://www.usb.org/sites/default/files/documents/usb_type-c.zip"
"J4","1","Screw_Terminal_01x02","","","","TerminalBlock:TerminalBlock_MaiXu_MX126-5.0-02P_1x02_P5.00mm","~"
"Q1,Q2","2","SS8050","","","","Package_TO_SOT_SMD:SOT-23","http://www.secosgmbh.com/datasheet/products/SSMPTransistor/SOT-23/SS8050.pdf"
"Q3","1","NPN","","","","Package_TO_SOT_SMD:SOT-23-3","https://ngspice.sourceforge.io/docs/ngspice-html-manual/manual.xhtml#cha_BJTs"
"Q4","1","PNP","","","","Package_TO_SOT_SMD:SOT-23-3","https://ngspice.sourceforge.io/docs/ngspice-html-manual/manual.xhtml#cha_BJTs"
"Q5","1","PMOS","","","","Diode_SMD:D_SOD-323","https://ngspice.sourceforge.io/docs/ngspice-html-manual/manual.xhtml#cha_MOSFETs"
"Q6","1","DMG9926UDM","","","","Package_TO_SOT_SMD:SOT-23-6","https://www.diodes.com/assets/Datasheets/ds31770.pdf"
"R1,R5,R6","3","5K1","","","","Resistor_SMD:R_0402_1005Metric_Pad0.72x0.64mm_HandSolder","~"
"R2,R4,R16,R17,R31","5","0R","","","","Resistor_SMD:R_0402_1005Metric_Pad0.72x0.64mm_HandSolder","~"
"R3,R24","2","100k","","","","Resistor_SMD:R_0402_1005Metric_Pad0.72x0.64mm_HandSolder","~"
"R7","1","1K","","","","Resistor_SMD:R_0402_1005Metric_Pad0.72x0.64mm_HandSolder","~"
"R8,R9","2","5k1","","","","Resistor_SMD:R_0402_1005Metric_Pad0.72x0.64mm_HandSolder","~"
"R10,R14,R22","3","2k","","","","Resistor_SMD:R_0402_1005Metric_Pad0.72x0.64mm_HandSolder","~"
"R11,R23,R27,R28,R30","5","1k","","","","Resistor_SMD:R_0402_1005Metric_Pad0.72x0.64mm_HandSolder","~"
"R12","1","22k1","","","","Resistor_SMD:R_0402_1005Metric_Pad0.72x0.64mm_HandSolder","~"
"R13","1","47k5","","","","Resistor_SMD:R_0402_1005Metric_Pad0.72x0.64mm_HandSolder","~"
"R15,R20,R25,R29","4","10k","","","","Resistor_SMD:R_0402_1005Metric_Pad0.72x0.64mm_HandSolder","~"
"R18,R19","2","10K","","","","Resistor_SMD:R_0402_1005Metric_Pad0.72x0.64mm_HandSolder","~"
"R21,R26","2","1M","","","","Resistor_SMD:R_0402_1005Metric_Pad0.72x0.64mm_HandSolder","~"
"R32","1","100","","","","Resistor_SMD:R_0402_1005Metric_Pad0.72x0.64mm_HandSolder","~"
"SW1,SW2","2","SW_Push","","","","Resistor_SMD:R_0402_1005Metric_Pad0.72x0.64mm_HandSolder","~"
"U1","1","MSPM0G3507SPTR","","","","Package_QFP:LQFP-48_7x7mm_P0.5mm",""
"U2,U6","2","USBLC6-2SC6","","","","Package_TO_SOT_SMD:SOT-23-6","https://www.st.com/resource/en/datasheet/usblc6-2.pdf"
"U3","1","SPX3819M5-L-3-3","","","","Package_TO_SOT_SMD:SOT-23-5","https://www.exar.com/content/document.ashx?id=22106&languageid=1033&type=Datasheet&partnumber=SPX3819&filename=SPX3819.pdf&part=SPX3819"
"U4","1","CH340E","","","","Package_SO:MSOP-10_3x3mm_P0.5mm","https://www.mpja.com/download/35227cpdata.pdf"
"U5","1","LIS2DH","","","","Package_LGA:LGA-14_2x2mm_P0.35mm_LayoutBorder3x4y","http://www.st.com/web/en/resource/technical/document/datasheet/DM00042751.pdf"
"U7,U10","2","LM1117MP-3.3","","","","Package_TO_SOT_SMD:SOT-223-3_TabPin2","http://www.ti.com/lit/ds/symlink/lm1117.pdf"
"U8","1","CP2102N-Axx-xQFN28","","","","Package_DFN_QFN:QFN-28-1EP_5x5mm_P0.5mm_EP3.35x3.35mm","https://www.silabs.com/documents/public/data-sheets/cp2102n-datasheet.pdf"
"U9","1","ESP32-S3-WROOM-1","","","","RF_Module:ESP32-S3-WROOM-1","https://www.espressif.com/sites/default/files/documentation/esp32-s3-wroom-1_wroom-1u_datasheet_en.pdf"
"U11","1","TP4056-42-ESOP8","","","","Package_SO:SOIC-8-1EP_3.9x4.9mm_P1.27mm_EP2.41x3.3mm_ThermalVias","https://www.lcsc.com/datasheet/lcsc_datasheet_2410121619_TOPPOWER-Nanjing-Extension-Microelectronics-TP4056-42-ESOP8_C16581.pdf"
"U12","1","DW01A","","","","Package_TO_SOT_SMD:SOT-23-6","https://hmsemi.com/downfile/DW01A.PDF"
"Y1","1","8MHz","","","","Crystal:Crystal_SMD_3225-4Pin_3.2x2.5mm","~"
